case_study,session_id,group_local,group_global,method,score,rank
case_study_1,1,1,case_study_1_1_1,R2R_copeland,4.037037037037037,9
case_study_1,1,1,case_study_1_1_1,R2R_borda,4.2444444444444445,9
case_study_1,1,1,case_study_1_1_1,Copeland,1.0,9
case_study_1,1,1,case_study_1_1_1,Borda,56.0,9
case_study_1,1,1,case_study_1_1_1,Mean,4.111111111111111,9
case_study_1,1,1,case_study_1_1_1,Median,4.0,7
case_study_1,1,2,case_study_1_1_2,R2R_copeland,5.074074074074074,4
case_study_1,1,2,case_study_1_1_2,R2R_borda,5.503703703703704,3
case_study_1,1,2,case_study_1_1_2,Copeland,6.0,4
case_study_1,1,2,case_study_1_1_2,Borda,158.0,3
case_study_1,1,2,case_study_1_1_2,Mean,4.814814814814815,2
case_study_1,1,2,case_study_1_1_2,Median,5.0,1
case_study_1,1,3,case_study_1_1_3,R2R_copeland,4.0,10
case_study_1,1,3,case_study_1_1_3,R2R_borda,4.2,10
case_study_1,1,3,case_study_1_1_3,Copeland,0.0,10
case_study_1,1,3,case_study_1_1_3,Borda,50.0,10
case_study_1,1,3,case_study_1_1_3,Mean,3.814814814814815,10
case_study_1,1,3,case_study_1_1_3,Median,4.0,7
case_study_1,1,4,case_study_1_1_4,R2R_copeland,5.111111111111111,3
case_study_1,1,4,case_study_1_1_4,R2R_borda,5.459259259259259,5
case_study_1,1,4,case_study_1_1_4,Copeland,7.0,3
case_study_1,1,4,case_study_1_1_4,Borda,148.0,5
case_study_1,1,4,case_study_1_1_4,Mean,4.703703703703703,3
case_study_1,1,4,case_study_1_1_4,Median,5.0,1
case_study_1,1,5,case_study_1_1_5,R2R_copeland,5.0,6
case_study_1,1,5,case_study_1_1_5,R2R_borda,5.333333333333333,6
case_study_1,1,5,case_study_1_1_5,Copeland,4.0,6
case_study_1,1,5,case_study_1_1_5,Borda,126.0,6
case_study_1,1,5,case_study_1_1_5,Mean,4.555555555555555,5
case_study_1,1,5,case_study_1_1_5,Median,5.0,1
case_study_1,1,6,case_study_1_1_6,R2R_copeland,5.185185185185185,1
case_study_1,1,6,case_study_1_1_6,R2R_borda,5.681481481481481,1
case_study_1,1,6,case_study_1_1_6,Copeland,9.0,1
case_study_1,1,6,case_study_1_1_6,Borda,182.0,1
case_study_1,1,6,case_study_1_1_6,Mean,4.851851851851852,1
case_study_1,1,6,case_study_1_1_6,Median,5.0,1
case_study_1,1,7,case_study_1_1_7,R2R_copeland,4.111111111111111,7
case_study_1,1,7,case_study_1_1_7,R2R_borda,4.377777777777778,7
case_study_1,1,7,case_study_1_1_7,Copeland,3.0,7
case_study_1,1,7,case_study_1_1_7,Borda,95.0,7
case_study_1,1,7,case_study_1_1_7,Mean,4.185185185185185,7
case_study_1,1,7,case_study_1_1_7,Median,4.0,7
case_study_1,1,8,case_study_1_1_8,R2R_copeland,5.148148148148148,2
case_study_1,1,8,case_study_1_1_8,R2R_borda,5.555555555555555,2
case_study_1,1,8,case_study_1_1_8,Copeland,8.0,2
case_study_1,1,8,case_study_1_1_8,Borda,162.0,2
case_study_1,1,8,case_study_1_1_8,Mean,4.62962962962963,4
case_study_1,1,8,case_study_1_1_8,Median,5.0,1
case_study_1,1,9,case_study_1_1_9,R2R_copeland,4.074074074074074,8
case_study_1,1,9,case_study_1_1_9,R2R_borda,4.377777777777778,7
case_study_1,1,9,case_study_1_1_9,Copeland,2.0,8
case_study_1,1,9,case_study_1_1_9,Borda,88.0,8
case_study_1,1,9,case_study_1_1_9,Mean,4.185185185185185,7
case_study_1,1,9,case_study_1_1_9,Median,4.0,7
case_study_1,1,10,case_study_1_1_10,R2R_copeland,5.037037037037037,5
case_study_1,1,10,case_study_1_1_10,R2R_borda,5.466666666666667,4
case_study_1,1,10,case_study_1_1_10,Copeland,5.0,5
case_study_1,1,10,case_study_1_1_10,Borda,150.0,4
case_study_1,1,10,case_study_1_1_10,Mean,4.518518518518518,6
case_study_1,1,10,case_study_1_1_10,Median,5.0,1
case_study_1,2,1,case_study_1_2_1,R2R_copeland,4.041666666666667,8
case_study_1,2,1,case_study_1_2_1,R2R_borda,4.266666666666667,8
case_study_1,2,1,case_study_1_2_1,Copeland,4.0,6
case_study_1,2,1,case_study_1_2_1,Borda,92.0,6
case_study_1,2,1,case_study_1_2_1,Mean,4.25,6
case_study_1,2,1,case_study_1_2_1,Median,4.0,6
case_study_1,2,2,case_study_1_2_2,R2R_copeland,5.055416666666667,3
case_study_1,2,2,case_study_1_2_2,R2R_borda,5.3,4
case_study_1,2,2,case_study_1_2_2,Copeland,2.33,7
case_study_1,2,2,case_study_1_2_2,Borda,86.0,7
case_study_1,2,2,case_study_1_2_2,Mean,4.75,1
case_study_1,2,2,case_study_1_2_2,Median,5.0,1
case_study_1,2,3,case_study_1_2_3,R2R_copeland,4.125,6
case_study_1,2,3,case_study_1_2_3,R2R_borda,4.508333333333333,6
case_study_1,2,3,case_study_1_2_3,Copeland,8.0,2
case_study_1,2,3,case_study_1_2_3,Borda,159.0,2
case_study_1,2,3,case_study_1_2_3,Mean,3.8333333333333335,8
case_study_1,2,3,case_study_1_2_3,Median,4.0,6
case_study_1,2,4,case_study_1_2_4,R2R_copeland,5.01375,5
case_study_1,2,4,case_study_1_2_4,R2R_borda,5.25,5
case_study_1,2,4,case_study_1_2_4,Copeland,1.33,9
case_study_1,2,4,case_study_1_2_4,Borda,67.0,9
case_study_1,2,4,case_study_1_2_4,Mean,4.416666666666667,4
case_study_1,2,4,case_study_1_2_4,Median,5.0,1
case_study_1,2,5,case_study_1_2_5,R2R_copeland,4.083333333333333,7
case_study_1,2,5,case_study_1_2_5,R2R_borda,4.383333333333334,7
case_study_1,2,5,case_study_1_2_5,Copeland,5.33,4
case_study_1,2,5,case_study_1_2_5,Borda,127.0,5
case_study_1,2,5,case_study_1_2_5,Mean,3.9583333333333335,7
case_study_1,2,5,case_study_1_2_5,Median,4.0,6
case_study_1,2,6,case_study_1_2_6,R2R_copeland,5.0275,4
case_study_1,2,6,case_study_1_2_6,R2R_borda,5.308333333333334,3
case_study_1,2,6,case_study_1_2_6,Copeland,1.6600000000000001,8
case_study_1,2,6,case_study_1_2_6,Borda,86.0,7
case_study_1,2,6,case_study_1_2_6,Mean,4.333333333333333,5
case_study_1,2,6,case_study_1_2_6,Median,5.0,1
case_study_1,2,7,case_study_1_2_7,R2R_copeland,5.125,2
case_study_1,2,7,case_study_1_2_7,R2R_borda,5.466666666666667,2
case_study_1,2,7,case_study_1_2_7,Copeland,5.33,4
case_study_1,2,7,case_study_1_2_7,Borda,128.0,4
case_study_1,2,7,case_study_1_2_7,Mean,4.583333333333333,2
case_study_1,2,7,case_study_1_2_7,Median,5.0,1
case_study_1,2,8,case_study_1_2_8,R2R_copeland,5.166666666666667,1
case_study_1,2,8,case_study_1_2_8,R2R_borda,5.675,1
case_study_1,2,8,case_study_1_2_8,Copeland,9.0,1
case_study_1,2,8,case_study_1_2_8,Borda,172.0,1
case_study_1,2,8,case_study_1_2_8,Mean,4.458333333333333,3
case_study_1,2,8,case_study_1_2_8,Median,5.0,1
case_study_1,2,9,case_study_1_2_9,R2R_copeland,3.0,10
case_study_1,2,9,case_study_1_2_9,R2R_borda,3.0,10
case_study_1,2,9,case_study_1_2_9,Copeland,7.0,3
case_study_1,2,9,case_study_1_2_9,Borda,145.0,3
case_study_1,2,9,case_study_1_2_9,Mean,3.1666666666666665,10
case_study_1,2,9,case_study_1_2_9,Median,3.0,10
case_study_1,2,10,case_study_1_2_10,R2R_copeland,4.0,9
case_study_1,2,10,case_study_1_2_10,R2R_borda,4.041666666666667,9
case_study_1,2,10,case_study_1_2_10,Copeland,0.0,10
case_study_1,2,10,case_study_1_2_10,Borda,18.0,10
case_study_1,2,10,case_study_1_2_10,Mean,3.7083333333333335,9
case_study_1,2,10,case_study_1_2_10,Median,4.0,6
case_study_1,3,1,case_study_1_3_1,R2R_copeland,5.0,4
case_study_1,3,1,case_study_1_3_1,R2R_borda,5.186206896551724,4
case_study_1,3,1,case_study_1_3_1,Copeland,4.0,6
case_study_1,3,1,case_study_1_3_1,Borda,131.0,5
case_study_1,3,1,case_study_1_3_1,Mean,4.310344827586207,4
case_study_1,3,1,case_study_1_3_1,Median,5.0,1
case_study_1,3,2,case_study_1_3_2,R2R_copeland,4.068965517241379,8
case_study_1,3,2,case_study_1_3_2,R2R_borda,4.475862068965517,8
case_study_1,3,2,case_study_1_3_2,Copeland,2.0,8
case_study_1,3,2,case_study_1_3_2,Borda,100.0,8
case_study_1,3,2,case_study_1_3_2,Mean,4.103448275862069,8
case_study_1,3,2,case_study_1_3_2,Median,4.0,5
case_study_1,3,3,case_study_1_3_3,R2R_copeland,5.103448275862069,1
case_study_1,3,3,case_study_1_3_3,R2R_borda,5.413793103448276,1
case_study_1,3,3,case_study_1_3_3,Copeland,9.0,1
case_study_1,3,3,case_study_1_3_3,Borda,202.0,1
case_study_1,3,3,case_study_1_3_3,Mean,4.9655172413793105,1
case_study_1,3,3,case_study_1_3_3,Median,5.0,1
case_study_1,3,4,case_study_1_3_4,R2R_copeland,5.068965517241379,2
case_study_1,3,4,case_study_1_3_4,R2R_borda,5.317241379310345,2
case_study_1,3,4,case_study_1_3_4,Copeland,8.0,2
case_study_1,3,4,case_study_1_3_4,Borda,170.0,2
case_study_1,3,4,case_study_1_3_4,Mean,4.586206896551724,2
case_study_1,3,4,case_study_1_3_4,Median,5.0,1
case_study_1,3,5,case_study_1_3_5,R2R_copeland,4.0,10
case_study_1,3,5,case_study_1_3_5,R2R_borda,4.393103448275862,9
case_study_1,3,5,case_study_1_3_5,Copeland,0.0,10
case_study_1,3,5,case_study_1_3_5,Borda,85.0,9
case_study_1,3,5,case_study_1_3_5,Mean,3.8275862068965516,9
case_study_1,3,5,case_study_1_3_5,Median,4.0,5
case_study_1,3,6,case_study_1_3_6,R2R_copeland,4.137931034482759,6
case_study_1,3,6,case_study_1_3_6,R2R_borda,4.63448275862069,5
case_study_1,3,6,case_study_1_3_6,Copeland,5.0,5
case_study_1,3,6,case_study_1_3_6,Borda,139.0,4
case_study_1,3,6,case_study_1_3_6,Mean,4.241379310344827,6
case_study_1,3,6,case_study_1_3_6,Median,4.0,5
case_study_1,3,7,case_study_1_3_7,R2R_copeland,4.103448275862069,7
case_study_1,3,7,case_study_1_3_7,R2R_borda,4.531034482758621,7
case_study_1,3,7,case_study_1_3_7,Copeland,3.0,7
case_study_1,3,7,case_study_1_3_7,Borda,112.0,7
case_study_1,3,7,case_study_1_3_7,Mean,4.275862068965517,5
case_study_1,3,7,case_study_1_3_7,Median,4.0,5
case_study_1,3,8,case_study_1_3_8,R2R_copeland,4.0344827586206895,9
case_study_1,3,8,case_study_1_3_8,R2R_borda,4.3517241379310345,10
case_study_1,3,8,case_study_1_3_8,Copeland,1.0,9
case_study_1,3,8,case_study_1_3_8,Borda,73.0,10
case_study_1,3,8,case_study_1_3_8,Mean,3.7586206896551726,10
case_study_1,3,8,case_study_1_3_8,Median,4.0,5
case_study_1,3,9,case_study_1_3_9,R2R_copeland,4.172413793103448,5
case_study_1,3,9,case_study_1_3_9,R2R_borda,4.613793103448276,6
case_study_1,3,9,case_study_1_3_9,Copeland,6.0,4
case_study_1,3,9,case_study_1_3_9,Borda,126.0,6
case_study_1,3,9,case_study_1_3_9,Mean,4.172413793103448,7
case_study_1,3,9,case_study_1_3_9,Median,4.0,5
case_study_1,3,10,case_study_1_3_10,R2R_copeland,5.0344827586206895,3
case_study_1,3,10,case_study_1_3_10,R2R_borda,5.2827586206896555,3
case_study_1,3,10,case_study_1_3_10,Copeland,7.0,3
case_study_1,3,10,case_study_1_3_10,Borda,167.0,3
case_study_1,3,10,case_study_1_3_10,Mean,4.448275862068965,3
case_study_1,3,10,case_study_1_3_10,Median,5.0,1
case_study_1,4,1,case_study_1_4_1,R2R_copeland,5.0,2
case_study_1,4,1,case_study_1_4_1,R2R_borda,5.090909090909091,2
case_study_1,4,1,case_study_1_4_1,Copeland,7.0,2
case_study_1,4,1,case_study_1_4_1,Borda,128.0,2
case_study_1,4,1,case_study_1_4_1,Mean,4.7272727272727275,2
case_study_1,4,1,case_study_1_4_1,Median,5.0,1
case_study_1,4,2,case_study_1_4_2,R2R_copeland,4.090909090909091,7
case_study_1,4,2,case_study_1_4_2,R2R_borda,4.3545454545454545,8
case_study_1,4,2,case_study_1_4_2,Copeland,2.0,7
case_study_1,4,2,case_study_1_4_2,Borda,43.0,8
case_study_1,4,2,case_study_1_4_2,Mean,3.8181818181818183,9
case_study_1,4,2,case_study_1_4_2,Median,4.0,3
case_study_1,4,3,case_study_1_4_3,R2R_copeland,4.181818181818182,5
case_study_1,4,3,case_study_1_4_3,R2R_borda,4.7727272727272725,5
case_study_1,4,3,case_study_1_4_3,Copeland,4.0,5
case_study_1,4,3,case_study_1_4_3,Borda,99.0,5
case_study_1,4,3,case_study_1_4_3,Mean,4.363636363636363,4
case_study_1,4,3,case_study_1_4_3,Median,4.0,3
case_study_1,4,4,case_study_1_4_4,R2R_copeland,5.045454545454546,1
case_study_1,4,4,case_study_1_4_4,R2R_borda,5.109090909090909,1
case_study_1,4,4,case_study_1_4_4,Copeland,8.0,1
case_study_1,4,4,case_study_1_4_4,Borda,137.0,1
case_study_1,4,4,case_study_1_4_4,Mean,4.7727272727272725,1
case_study_1,4,4,case_study_1_4_4,Median,5.0,1
case_study_1,4,5,case_study_1_4_5,R2R_copeland,4.136363636363637,6
case_study_1,4,5,case_study_1_4_5,R2R_borda,4.681818181818182,6
case_study_1,4,5,case_study_1_4_5,Copeland,3.0,6
case_study_1,4,5,case_study_1_4_5,Borda,86.0,6
case_study_1,4,5,case_study_1_4_5,Mean,4.2272727272727275,6
case_study_1,4,5,case_study_1_4_5,Median,4.0,3
case_study_1,4,6,case_study_1_4_6,R2R_copeland,4.2272727272727275,4
case_study_1,4,6,case_study_1_4_6,R2R_borda,4.818181818181818,4
case_study_1,4,6,case_study_1_4_6,Copeland,5.0,4
case_study_1,4,6,case_study_1_4_6,Borda,105.0,4
case_study_1,4,6,case_study_1_4_6,Mean,4.318181818181818,5
case_study_1,4,6,case_study_1_4_6,Median,4.0,3
case_study_1,4,7,case_study_1_4_7,R2R_copeland,4.045454545454546,8
case_study_1,4,7,case_study_1_4_7,R2R_borda,4.372727272727273,7
case_study_1,4,7,case_study_1_4_7,Copeland,1.0,8
case_study_1,4,7,case_study_1_4_7,Borda,46.0,7
case_study_1,4,7,case_study_1_4_7,Mean,3.9545454545454546,7
case_study_1,4,7,case_study_1_4_7,Median,4.0,3
case_study_1,4,8,case_study_1_4_8,R2R_copeland,4.0,9
case_study_1,4,8,case_study_1_4_8,R2R_borda,4.327272727272727,9
case_study_1,4,8,case_study_1_4_8,Copeland,0.0,9
case_study_1,4,8,case_study_1_4_8,Borda,39.0,9
case_study_1,4,8,case_study_1_4_8,Mean,3.8636363636363638,8
case_study_1,4,8,case_study_1_4_8,Median,4.0,3
case_study_1,4,9,case_study_1_4_9,R2R_copeland,4.2727272727272725,3
case_study_1,4,9,case_study_1_4_9,R2R_borda,4.872727272727273,3
case_study_1,4,9,case_study_1_4_9,Copeland,6.0,3
case_study_1,4,9,case_study_1_4_9,Borda,109.0,3
case_study_1,4,9,case_study_1_4_9,Mean,4.454545454545454,3
case_study_1,4,9,case_study_1_4_9,Median,4.0,3
case_study_1,5,1,case_study_1_5_1,R2R_copeland,4.148148148148148,4
case_study_1,5,1,case_study_1_5_1,R2R_borda,4.533333333333333,4
case_study_1,5,1,case_study_1_5_1,Copeland,6.0,4
case_study_1,5,1,case_study_1_5_1,Borda,151.0,4
case_study_1,5,1,case_study_1_5_1,Mean,4.333333333333333,4
case_study_1,5,1,case_study_1_5_1,Median,4.0,4
case_study_1,5,2,case_study_1_5_2,R2R_copeland,4.074074074074074,6
case_study_1,5,2,case_study_1_5_2,R2R_borda,4.355555555555555,7
case_study_1,5,2,case_study_1_5_2,Copeland,4.0,6
case_study_1,5,2,case_study_1_5_2,Borda,108.0,7
case_study_1,5,2,case_study_1_5_2,Mean,3.925925925925926,7
case_study_1,5,2,case_study_1_5_2,Median,4.0,4
case_study_1,5,3,case_study_1_5_3,R2R_copeland,4.111111111111111,5
case_study_1,5,3,case_study_1_5_3,R2R_borda,4.451851851851852,5
case_study_1,5,3,case_study_1_5_3,Copeland,5.0,5
case_study_1,5,3,case_study_1_5_3,Borda,136.0,5
case_study_1,5,3,case_study_1_5_3,Mean,4.185185185185185,5
case_study_1,5,3,case_study_1_5_3,Median,4.0,4
case_study_1,5,4,case_study_1_5_4,R2R_copeland,4.037037037037037,7
case_study_1,5,4,case_study_1_5_4,R2R_borda,4.377777777777778,6
case_study_1,5,4,case_study_1_5_4,Copeland,3.0,7
case_study_1,5,4,case_study_1_5_4,Borda,113.0,6
case_study_1,5,4,case_study_1_5_4,Mean,4.0,6
case_study_1,5,4,case_study_1_5_4,Median,4.0,4
case_study_1,5,5,case_study_1_5_5,R2R_copeland,4.0,8
case_study_1,5,5,case_study_1_5_5,R2R_borda,4.281481481481482,8
case_study_1,5,5,case_study_1_5_5,Copeland,2.0,8
case_study_1,5,5,case_study_1_5_5,Borda,95.0,8
case_study_1,5,5,case_study_1_5_5,Mean,3.740740740740741,8
case_study_1,5,5,case_study_1_5_5,Median,4.0,4
case_study_1,5,6,case_study_1_5_6,R2R_copeland,5.0,3
case_study_1,5,6,case_study_1_5_6,R2R_borda,5.140740740740741,3
case_study_1,5,6,case_study_1_5_6,Copeland,7.0,3
case_study_1,5,6,case_study_1_5_6,Borda,165.0,2
case_study_1,5,6,case_study_1_5_6,Mean,4.37037037037037,2
case_study_1,5,6,case_study_1_5_6,Median,5.0,1
case_study_1,5,7,case_study_1_5_7,R2R_copeland,3.037037037037037,9
case_study_1,5,7,case_study_1_5_7,R2R_borda,3.1037037037037036,9
case_study_1,5,7,case_study_1_5_7,Copeland,1.0,9
case_study_1,5,7,case_study_1_5_7,Borda,38.0,10
case_study_1,5,7,case_study_1_5_7,Mean,3.185185185185185,9
case_study_1,5,7,case_study_1_5_7,Median,3.0,9
case_study_1,5,8,case_study_1_5_8,R2R_copeland,5.037037037037037,2
case_study_1,5,8,case_study_1_5_8,R2R_borda,5.162962962962963,2
case_study_1,5,8,case_study_1_5_8,Copeland,8.0,2
case_study_1,5,8,case_study_1_5_8,Borda,162.0,3
case_study_1,5,8,case_study_1_5_8,Mean,4.37037037037037,2
case_study_1,5,8,case_study_1_5_8,Median,5.0,1
case_study_1,5,9,case_study_1_5_9,R2R_copeland,3.0,10
case_study_1,5,9,case_study_1_5_9,R2R_borda,3.096296296296296,10
case_study_1,5,9,case_study_1_5_9,Copeland,0.0,10
case_study_1,5,9,case_study_1_5_9,Borda,42.0,9
case_study_1,5,9,case_study_1_5_9,Mean,3.185185185185185,9
case_study_1,5,9,case_study_1_5_9,Median,3.0,9
case_study_1,5,10,case_study_1_5_10,R2R_copeland,5.074074074074074,1
case_study_1,5,10,case_study_1_5_10,R2R_borda,5.296296296296296,1
case_study_1,5,10,case_study_1_5_10,Copeland,9.0,1
case_study_1,5,10,case_study_1_5_10,Borda,205.0,1
case_study_1,5,10,case_study_1_5_10,Mean,4.814814814814815,1
case_study_1,5,10,case_study_1_5_10,Median,5.0,1
case_study_1,6,1,case_study_1_6_1,R2R_copeland,3.0097058823529412,11
case_study_1,6,1,case_study_1_6_1,R2R_borda,3.2705882352941176,11
case_study_1,6,1,case_study_1_6_1,Copeland,0.33,11
case_study_1,6,1,case_study_1_6_1,Borda,105.0,11
case_study_1,6,1,case_study_1_6_1,Mean,3.0294117647058822,11
case_study_1,6,1,case_study_1_6_1,Median,3.0,10
case_study_1,6,2,case_study_1_6_2,R2R_copeland,4.205882352941177,1
case_study_1,6,2,case_study_1_6_2,R2R_borda,4.870588235294118,1
case_study_1,6,2,case_study_1_6_2,Copeland,11.0,1
case_study_1,6,2,case_study_1_6_2,Borda,252.0,1
case_study_1,6,2,case_study_1_6_2,Mean,4.029411764705882,1
case_study_1,6,2,case_study_1_6_2,Median,4.0,1
case_study_1,6,3,case_study_1_6_3,R2R_copeland,4.048823529411765,5
case_study_1,6,3,case_study_1_6_3,R2R_borda,4.670588235294118,4
case_study_1,6,3,case_study_1_6_3,Copeland,5.66,5
case_study_1,6,3,case_study_1_6_3,Borda,211.0,4
case_study_1,6,3,case_study_1_6_3,Mean,3.823529411764706,4
case_study_1,6,3,case_study_1_6_3,Median,4.0,1
case_study_1,6,4,case_study_1_6_4,R2R_copeland,4.0391176470588235,7
case_study_1,6,4,case_study_1_6_4,R2R_borda,4.605882352941176,8
case_study_1,6,4,case_study_1_6_4,Copeland,5.33,7
case_study_1,6,4,case_study_1_6_4,Borda,194.0,7
case_study_1,6,4,case_study_1_6_4,Mean,3.7058823529411766,5
case_study_1,6,4,case_study_1_6_4,Median,4.0,1
case_study_1,6,5,case_study_1_6_5,R2R_copeland,3.0588235294117645,10
case_study_1,6,5,case_study_1_6_5,R2R_borda,3.317647058823529,10
case_study_1,6,5,case_study_1_6_5,Copeland,2.0,10
case_study_1,6,5,case_study_1_6_5,Borda,140.0,10
case_study_1,6,5,case_study_1_6_5,Mean,3.2058823529411766,10
case_study_1,6,5,case_study_1_6_5,Median,3.0,10
case_study_1,6,6,case_study_1_6_6,R2R_copeland,4.147058823529412,3
case_study_1,6,6,case_study_1_6_6,R2R_borda,4.752941176470588,3
case_study_1,6,6,case_study_1_6_6,Copeland,9.0,3
case_study_1,6,6,case_study_1_6_6,Borda,229.0,3
case_study_1,6,6,case_study_1_6_6,Mean,3.8823529411764706,2
case_study_1,6,6,case_study_1_6_6,Median,4.0,1
case_study_1,6,7,case_study_1_6_7,R2R_copeland,3.588235294117647,9
case_study_1,6,7,case_study_1_6_7,R2R_borda,3.888235294117647,9
case_study_1,6,7,case_study_1_6_7,Copeland,4.0,8
case_study_1,6,7,case_study_1_6_7,Borda,178.0,9
case_study_1,6,7,case_study_1_6_7,Mean,3.3529411764705883,9
case_study_1,6,7,case_study_1_6_7,Median,3.5,9
case_study_1,6,8,case_study_1_6_8,R2R_copeland,4.097941176470588,4
case_study_1,6,8,case_study_1_6_8,R2R_borda,4.635294117647058,5
case_study_1,6,8,case_study_1_6_8,Copeland,7.33,4
case_study_1,6,8,case_study_1_6_8,Borda,202.0,5
case_study_1,6,8,case_study_1_6_8,Mean,3.6176470588235294,7
case_study_1,6,8,case_study_1_6_8,Median,4.0,1
case_study_1,6,9,case_study_1_6_9,R2R_copeland,4.048823529411765,5
case_study_1,6,9,case_study_1_6_9,R2R_borda,4.635294117647058,5
case_study_1,6,9,case_study_1_6_9,Copeland,5.66,5
case_study_1,6,9,case_study_1_6_9,Borda,201.0,6
case_study_1,6,9,case_study_1_6_9,Mean,3.6470588235294117,6
case_study_1,6,9,case_study_1_6_9,Median,4.0,1
case_study_1,6,10,case_study_1_6_10,R2R_copeland,4.176470588235294,2
case_study_1,6,10,case_study_1_6_10,R2R_borda,4.805882352941176,2
case_study_1,6,10,case_study_1_6_10,Copeland,10.0,2
case_study_1,6,10,case_study_1_6_10,Borda,244.0,2
case_study_1,6,10,case_study_1_6_10,Mean,3.8823529411764706,2
case_study_1,6,10,case_study_1_6_10,Median,4.0,1
case_study_1,6,11,case_study_1_6_11,R2R_copeland,4.0194117647058825,8
case_study_1,6,11,case_study_1_6_11,R2R_borda,4.623529411764705,7
case_study_1,6,11,case_study_1_6_11,Copeland,3.66,9
case_study_1,6,11,case_study_1_6_11,Borda,183.0,8
case_study_1,6,11,case_study_1_6_11,Mean,3.5294117647058822,8
case_study_1,6,11,case_study_1_6_11,Median,4.0,1
case_study_1,6,12,case_study_1_6_12,R2R_copeland,3.0097058823529412,11
case_study_1,6,12,case_study_1_6_12,R2R_borda,3.223529411764706,12
case_study_1,6,12,case_study_1_6_12,Copeland,0.33,11
case_study_1,6,12,case_study_1_6_12,Borda,105.0,11
case_study_1,6,12,case_study_1_6_12,Mean,2.7941176470588234,12
case_study_1,6,12,case_study_1_6_12,Median,3.0,10
case_study_1,7,1,case_study_1_7_1,R2R_copeland,3.0,8
case_study_1,7,1,case_study_1_7_1,R2R_borda,3.1666666666666665,8
case_study_1,7,1,case_study_1_7_1,Copeland,0.0,8
case_study_1,7,1,case_study_1_7_1,Borda,27.0,7
case_study_1,7,1,case_study_1_7_1,Mean,3.0555555555555554,8
case_study_1,7,1,case_study_1_7_1,Median,3.0,6
case_study_1,7,2,case_study_1_7_2,R2R_copeland,4.555555555555555,3
case_study_1,7,2,case_study_1_7_2,R2R_borda,4.811111111111111,3
case_study_1,7,2,case_study_1_7_2,Copeland,4.0,4
case_study_1,7,2,case_study_1_7_2,Borda,79.0,4
case_study_1,7,2,case_study_1_7_2,Mean,4.388888888888889,2
case_study_1,7,2,case_study_1_7_2,Median,4.5,2
case_study_1,7,3,case_study_1_7_3,R2R_copeland,5.0,1
case_study_1,7,3,case_study_1_7_3,R2R_borda,5.0,1
case_study_1,7,3,case_study_1_7_3,Copeland,7.0,1
case_study_1,7,3,case_study_1_7_3,Borda,107.0,1
case_study_1,7,3,case_study_1_7_3,Mean,4.555555555555555,1
case_study_1,7,3,case_study_1_7_3,Median,5.0,1
case_study_1,7,4,case_study_1_7_4,R2R_copeland,3.0555555555555554,7
case_study_1,7,4,case_study_1_7_4,R2R_borda,3.188888888888889,7
case_study_1,7,4,case_study_1_7_4,Copeland,1.0,7
case_study_1,7,4,case_study_1_7_4,Borda,26.0,8
case_study_1,7,4,case_study_1_7_4,Mean,3.111111111111111,7
case_study_1,7,4,case_study_1_7_4,Median,3.0,6
case_study_1,7,5,case_study_1_7_5,R2R_copeland,4.629444444444444,2
case_study_1,7,5,case_study_1_7_5,R2R_borda,4.844444444444444,2
case_study_1,7,5,case_study_1_7_5,Copeland,5.33,2
case_study_1,7,5,case_study_1_7_5,Borda,80.0,3
case_study_1,7,5,case_study_1_7_5,Mean,4.166666666666667,3
case_study_1,7,5,case_study_1_7_5,Median,4.5,2
case_study_1,7,6,case_study_1_7_6,R2R_copeland,3.111111111111111,6
case_study_1,7,6,case_study_1_7_6,R2R_borda,3.2444444444444445,6
case_study_1,7,6,case_study_1_7_6,Copeland,2.0,6
case_study_1,7,6,case_study_1_7_6,Borda,37.0,6
case_study_1,7,6,case_study_1_7_6,Mean,3.2222222222222223,6
case_study_1,7,6,case_study_1_7_6,Median,3.0,6
case_study_1,7,7,case_study_1_7_7,R2R_copeland,4.129444444444444,4
case_study_1,7,7,case_study_1_7_7,R2R_borda,4.333333333333333,4
case_study_1,7,7,case_study_1_7_7,Copeland,5.33,2
case_study_1,7,7,case_study_1_7_7,Borda,83.0,2
case_study_1,7,7,case_study_1_7_7,Mean,4.111111111111111,4
case_study_1,7,7,case_study_1_7_7,Median,4.0,4
case_study_1,7,8,case_study_1_7_8,R2R_copeland,4.0,5
case_study_1,7,8,case_study_1_7_8,R2R_borda,4.211111111111111,5
case_study_1,7,8,case_study_1_7_8,Copeland,3.0,5
case_study_1,7,8,case_study_1_7_8,Borda,65.0,5
case_study_1,7,8,case_study_1_7_8,Mean,3.9444444444444446,5
case_study_1,7,8,case_study_1_7_8,Median,4.0,4
case_study_1,8,1,case_study_1_8_1,R2R_copeland,4.142857142857143,6
case_study_1,8,1,case_study_1_8_1,R2R_borda,4.514285714285714,6
case_study_1,8,1,case_study_1_8_1,Copeland,4.0,5
case_study_1,8,1,case_study_1_8_1,Borda,74.0,6
case_study_1,8,1,case_study_1_8_1,Mean,4.190476190476191,5
case_study_1,8,1,case_study_1_8_1,Median,4.0,4
case_study_1,8,2,case_study_1_8_2,R2R_copeland,4.190476190476191,4
case_study_1,8,2,case_study_1_8_2,R2R_borda,4.6,4
case_study_1,8,2,case_study_1_8_2,Copeland,6.0,2
case_study_1,8,2,case_study_1_8_2,Borda,92.0,2
case_study_1,8,2,case_study_1_8_2,Mean,4.142857142857143,6
case_study_1,8,2,case_study_1_8_2,Median,4.0,4
case_study_1,8,3,case_study_1_8_3,R2R_copeland,4.190476190476191,4
case_study_1,8,3,case_study_1_8_3,R2R_borda,4.561904761904762,5
case_study_1,8,3,case_study_1_8_3,Copeland,4.0,5
case_study_1,8,3,case_study_1_8_3,Borda,79.0,5
case_study_1,8,3,case_study_1_8_3,Mean,4.380952380952381,4
case_study_1,8,3,case_study_1_8_3,Median,4.0,4
case_study_1,8,4,case_study_1_8_4,R2R_copeland,5.0476190476190474,2
case_study_1,8,4,case_study_1_8_4,R2R_borda,5.161904761904762,2
case_study_1,8,4,case_study_1_8_4,Copeland,5.0,3
case_study_1,8,4,case_study_1_8_4,Borda,90.0,4
case_study_1,8,4,case_study_1_8_4,Mean,4.619047619047619,1
case_study_1,8,4,case_study_1_8_4,Median,5.0,1
case_study_1,8,5,case_study_1_8_5,R2R_copeland,5.0,3
case_study_1,8,5,case_study_1_8_5,R2R_borda,5.161904761904762,2
case_study_1,8,5,case_study_1_8_5,Copeland,5.0,3
case_study_1,8,5,case_study_1_8_5,Borda,92.0,2
case_study_1,8,5,case_study_1_8_5,Mean,4.476190476190476,3
case_study_1,8,5,case_study_1_8_5,Median,5.0,1
case_study_1,8,6,case_study_1_8_6,R2R_copeland,4.095238095238095,7
case_study_1,8,6,case_study_1_8_6,R2R_borda,4.457142857142857,8
case_study_1,8,6,case_study_1_8_6,Copeland,2.0,7
case_study_1,8,6,case_study_1_8_6,Borda,70.0,8
case_study_1,8,6,case_study_1_8_6,Mean,4.095238095238095,9
case_study_1,8,6,case_study_1_8_6,Median,4.0,4
case_study_1,8,7,case_study_1_8_7,R2R_copeland,5.095238095238095,1
case_study_1,8,7,case_study_1_8_7,R2R_borda,5.276190476190476,1
case_study_1,8,7,case_study_1_8_7,Copeland,8.0,1
case_study_1,8,7,case_study_1_8_7,Borda,129.0,1
case_study_1,8,7,case_study_1_8_7,Mean,4.619047619047619,1
case_study_1,8,7,case_study_1_8_7,Median,5.0,1
case_study_1,8,8,case_study_1_8_8,R2R_copeland,4.095238095238095,7
case_study_1,8,8,case_study_1_8_8,R2R_borda,4.495238095238095,7
case_study_1,8,8,case_study_1_8_8,Copeland,2.0,7
case_study_1,8,8,case_study_1_8_8,Borda,72.0,7
case_study_1,8,8,case_study_1_8_8,Mean,4.142857142857143,6
case_study_1,8,8,case_study_1_8_8,Median,4.0,4
case_study_1,8,9,case_study_1_8_9,R2R_copeland,4.0,9
case_study_1,8,9,case_study_1_8_9,R2R_borda,4.371428571428572,9
case_study_1,8,9,case_study_1_8_9,Copeland,0.0,9
case_study_1,8,9,case_study_1_8_9,Borda,58.0,9
case_study_1,8,9,case_study_1_8_9,Mean,4.142857142857143,6
case_study_1,8,9,case_study_1_8_9,Median,4.0,4
case_study_1,9,1,case_study_1_9_1,R2R_copeland,5.1165,1
case_study_1,9,1,case_study_1_9_1,R2R_borda,5.39,2
case_study_1,9,1,case_study_1_9_1,Copeland,7.33,1
case_study_1,9,1,case_study_1_9_1,Borda,130.0,2
case_study_1,9,1,case_study_1_9_1,Mean,4.85,1
case_study_1,9,1,case_study_1_9_1,Median,5.0,1
case_study_1,9,2,case_study_1_9_2,R2R_copeland,5.1165,1
case_study_1,9,2,case_study_1_9_2,R2R_borda,5.41,1
case_study_1,9,2,case_study_1_9_2,Copeland,7.33,1
case_study_1,9,2,case_study_1_9_2,Borda,131.0,1
case_study_1,9,2,case_study_1_9_2,Mean,4.8,2
case_study_1,9,2,case_study_1_9_2,Median,5.0,1
case_study_1,9,3,case_study_1_9_3,R2R_copeland,4.0,9
case_study_1,9,3,case_study_1_9_3,R2R_borda,4.24,9
case_study_1,9,3,case_study_1_9_3,Copeland,0.0,9
case_study_1,9,3,case_study_1_9_3,Borda,29.0,9
case_study_1,9,3,case_study_1_9_3,Mean,3.75,8
case_study_1,9,3,case_study_1_9_3,Median,4.0,5
case_study_1,9,4,case_study_1_9_4,R2R_copeland,4.1,7
case_study_1,9,4,case_study_1_9_4,R2R_borda,4.45,7
case_study_1,9,4,case_study_1_9_4,Copeland,2.0,7
case_study_1,9,4,case_study_1_9_4,Borda,59.0,7
case_study_1,9,4,case_study_1_9_4,Mean,3.95,7
case_study_1,9,4,case_study_1_9_4,Median,4.0,5
case_study_1,9,5,case_study_1_9_5,R2R_copeland,5.05,3
case_study_1,9,5,case_study_1_9_5,R2R_borda,5.2,3
case_study_1,9,5,case_study_1_9_5,Copeland,6.0,3
case_study_1,9,5,case_study_1_9_5,Borda,104.0,3
case_study_1,9,5,case_study_1_9_5,Mean,4.65,3
case_study_1,9,5,case_study_1_9_5,Median,5.0,1
case_study_1,9,6,case_study_1_9_6,R2R_copeland,5.0,4
case_study_1,9,6,case_study_1_9_6,R2R_borda,5.2,3
case_study_1,9,6,case_study_1_9_6,Copeland,5.0,4
case_study_1,9,6,case_study_1_9_6,Borda,91.0,4
case_study_1,9,6,case_study_1_9_6,Mean,4.55,4
case_study_1,9,6,case_study_1_9_6,Median,5.0,1
case_study_1,9,7,case_study_1_9_7,R2R_copeland,4.15,6
case_study_1,9,7,case_study_1_9_7,R2R_borda,4.46,6
case_study_1,9,7,case_study_1_9_7,Copeland,3.0,6
case_study_1,9,7,case_study_1_9_7,Borda,62.0,6
case_study_1,9,7,case_study_1_9_7,Mean,4.25,6
case_study_1,9,7,case_study_1_9_7,Median,4.0,5
case_study_1,9,8,case_study_1_9_8,R2R_copeland,4.2,5
case_study_1,9,8,case_study_1_9_8,R2R_borda,4.59,5
case_study_1,9,8,case_study_1_9_8,Copeland,4.0,5
case_study_1,9,8,case_study_1_9_8,Borda,79.0,5
case_study_1,9,8,case_study_1_9_8,Mean,4.3,5
case_study_1,9,8,case_study_1_9_8,Median,4.0,5
case_study_1,9,9,case_study_1_9_9,R2R_copeland,4.05,8
case_study_1,9,9,case_study_1_9_9,R2R_borda,4.26,8
case_study_1,9,9,case_study_1_9_9,Copeland,1.0,8
case_study_1,9,9,case_study_1_9_9,Borda,35.0,8
case_study_1,9,9,case_study_1_9_9,Mean,3.75,8
case_study_1,9,9,case_study_1_9_9,Median,4.0,5
case_study_1,10,1,case_study_1_10_1,R2R_copeland,4.681818181818182,3
case_study_1,10,1,case_study_1_10_1,R2R_borda,5.172727272727273,2
case_study_1,10,1,case_study_1_10_1,Copeland,6.0,4
case_study_1,10,1,case_study_1_10_1,Borda,119.0,3
case_study_1,10,1,case_study_1_10_1,Mean,4.409090909090909,2
case_study_1,10,1,case_study_1_10_1,Median,4.5,2
case_study_1,10,2,case_study_1_10_2,R2R_copeland,5.0,1
case_study_1,10,2,case_study_1_10_2,R2R_borda,5.0,3
case_study_1,10,2,case_study_1_10_2,Copeland,9.0,1
case_study_1,10,2,case_study_1_10_2,Borda,163.0,1
case_study_1,10,2,case_study_1_10_2,Mean,4.545454545454546,1
case_study_1,10,2,case_study_1_10_2,Median,5.0,1
case_study_1,10,3,case_study_1_10_3,R2R_copeland,3.0,10
case_study_1,10,3,case_study_1_10_3,R2R_borda,3.036363636363636,10
case_study_1,10,3,case_study_1_10_3,Copeland,0.0,10
case_study_1,10,3,case_study_1_10_3,Borda,30.0,10
case_study_1,10,3,case_study_1_10_3,Mean,3.1363636363636362,10
case_study_1,10,3,case_study_1_10_3,Median,3.0,9
case_study_1,10,4,case_study_1_10_4,R2R_copeland,3.0454545454545454,9
case_study_1,10,4,case_study_1_10_4,R2R_borda,3.1636363636363636,9
case_study_1,10,4,case_study_1_10_4,Copeland,1.0,9
case_study_1,10,4,case_study_1_10_4,Borda,56.0,9
case_study_1,10,4,case_study_1_10_4,Mean,3.3636363636363638,9
case_study_1,10,4,case_study_1_10_4,Median,3.0,9
case_study_1,10,5,case_study_1_10_5,R2R_copeland,4.242272727272727,4
case_study_1,10,5,case_study_1_10_5,R2R_borda,4.7,4
case_study_1,10,5,case_study_1_10_5,Copeland,7.33,2
case_study_1,10,5,case_study_1_10_5,Borda,119.0,3
case_study_1,10,5,case_study_1_10_5,Mean,4.2727272727272725,5
case_study_1,10,5,case_study_1_10_5,Median,4.0,4
case_study_1,10,6,case_study_1_10_6,R2R_copeland,4.181818181818182,5
case_study_1,10,6,case_study_1_10_6,R2R_borda,4.627272727272727,5
case_study_1,10,6,case_study_1_10_6,Copeland,6.0,4
case_study_1,10,6,case_study_1_10_6,Borda,114.0,5
case_study_1,10,6,case_study_1_10_6,Mean,4.363636363636363,3
case_study_1,10,6,case_study_1_10_6,Median,4.0,4
case_study_1,10,7,case_study_1_10_7,R2R_copeland,4.045454545454546,7
case_study_1,10,7,case_study_1_10_7,R2R_borda,4.472727272727273,8
case_study_1,10,7,case_study_1_10_7,Copeland,3.0,7
case_study_1,10,7,case_study_1_10_7,Borda,89.0,7
case_study_1,10,7,case_study_1_10_7,Mean,3.772727272727273,7
case_study_1,10,7,case_study_1_10_7,Median,4.0,4
case_study_1,10,8,case_study_1_10_8,R2R_copeland,4.696818181818182,2
case_study_1,10,8,case_study_1_10_8,R2R_borda,5.236363636363636,1
case_study_1,10,8,case_study_1_10_8,Copeland,6.33,3
case_study_1,10,8,case_study_1_10_8,Borda,123.0,2
case_study_1,10,8,case_study_1_10_8,Mean,4.363636363636363,3
case_study_1,10,8,case_study_1_10_8,Median,4.5,2
case_study_1,10,9,case_study_1_10_9,R2R_copeland,4.0,8
case_study_1,10,9,case_study_1_10_9,R2R_borda,4.4818181818181815,7
case_study_1,10,9,case_study_1_10_9,Copeland,2.0,8
case_study_1,10,9,case_study_1_10_9,Borda,83.0,8
case_study_1,10,9,case_study_1_10_9,Mean,3.6818181818181817,8
case_study_1,10,9,case_study_1_10_9,Median,4.0,4
case_study_1,10,10,case_study_1_10_10,R2R_copeland,4.090909090909091,6
case_study_1,10,10,case_study_1_10_10,R2R_borda,4.509090909090909,6
case_study_1,10,10,case_study_1_10_10,Copeland,4.0,6
case_study_1,10,10,case_study_1_10_10,Borda,94.0,6
case_study_1,10,10,case_study_1_10_10,Mean,4.2272727272727275,6
case_study_1,10,10,case_study_1_10_10,Median,4.0,4
case_study_2,11,1,case_study_2_11_1,R2R_copeland,4.0,7
case_study_2,11,1,case_study_2_11_1,R2R_borda,4.372727272727273,7
case_study_2,11,1,case_study_2_11_1,Copeland,2.0,7
case_study_2,11,1,case_study_2_11_1,Borda,80.0,7
case_study_2,11,1,case_study_2_11_1,Mean,4.181818181818182,4
case_study_2,11,1,case_study_2_11_1,Median,4.0,2
case_study_2,11,2,case_study_2_11_2,R2R_copeland,3.0,9
case_study_2,11,2,case_study_2_11_2,R2R_borda,3.0727272727272728,9
case_study_2,11,2,case_study_2_11_2,Copeland,0.0,9
case_study_2,11,2,case_study_2_11_2,Borda,18.0,9
case_study_2,11,2,case_study_2_11_2,Mean,3.227272727272727,9
case_study_2,11,2,case_study_2_11_2,Median,3.0,9
case_study_2,11,3,case_study_2_11_3,R2R_copeland,4.0604545454545455,6
case_study_2,11,3,case_study_2_11_3,R2R_borda,4.4363636363636365,6
case_study_2,11,3,case_study_2_11_3,Copeland,3.33,6
case_study_2,11,3,case_study_2_11_3,Borda,88.0,6
case_study_2,11,3,case_study_2_11_3,Mean,4.181818181818182,4
case_study_2,11,3,case_study_2_11_3,Median,4.0,2
case_study_2,11,4,case_study_2_11_4,R2R_copeland,4.090909090909091,5
case_study_2,11,4,case_study_2_11_4,R2R_borda,4.472727272727273,5
case_study_2,11,4,case_study_2_11_4,Copeland,4.0,5
case_study_2,11,4,case_study_2_11_4,Borda,96.0,5
case_study_2,11,4,case_study_2_11_4,Mean,4.318181818181818,3
case_study_2,11,4,case_study_2_11_4,Median,4.0,2
case_study_2,11,5,case_study_2_11_5,R2R_copeland,5.0,1
case_study_2,11,5,case_study_2_11_5,R2R_borda,5.0,1
case_study_2,11,5,case_study_2_11_5,Copeland,8.0,1
case_study_2,11,5,case_study_2_11_5,Borda,134.0,1
case_study_2,11,5,case_study_2_11_5,Mean,4.7272727272727275,1
case_study_2,11,5,case_study_2_11_5,Median,5.0,1
case_study_2,11,6,case_study_2_11_6,R2R_copeland,3.5454545454545454,8
case_study_2,11,6,case_study_2_11_6,R2R_borda,3.6272727272727274,8
case_study_2,11,6,case_study_2_11_6,Copeland,1.0,8
case_study_2,11,6,case_study_2_11_6,Borda,50.0,8
case_study_2,11,6,case_study_2_11_6,Mean,3.3636363636363638,8
case_study_2,11,6,case_study_2_11_6,Median,3.5,8
case_study_2,11,7,case_study_2_11_7,R2R_copeland,4.166363636363636,3
case_study_2,11,7,case_study_2_11_7,R2R_borda,4.536363636363636,4
case_study_2,11,7,case_study_2_11_7,Copeland,5.66,3
case_study_2,11,7,case_study_2_11_7,Borda,103.0,4
case_study_2,11,7,case_study_2_11_7,Mean,4.090909090909091,7
case_study_2,11,7,case_study_2_11_7,Median,4.0,2
case_study_2,11,8,case_study_2_11_8,R2R_copeland,4.136363636363637,4
case_study_2,11,8,case_study_2_11_8,R2R_borda,4.554545454545455,3
case_study_2,11,8,case_study_2_11_8,Copeland,5.0,4
case_study_2,11,8,case_study_2_11_8,Borda,107.0,3
case_study_2,11,8,case_study_2_11_8,Mean,4.181818181818182,4
case_study_2,11,8,case_study_2_11_8,Median,4.0,2
case_study_2,11,9,case_study_2_11_9,R2R_copeland,4.196818181818182,2
case_study_2,11,9,case_study_2_11_9,R2R_borda,4.627272727272727,2
case_study_2,11,9,case_study_2_11_9,Copeland,6.33,2
case_study_2,11,9,case_study_2_11_9,Borda,116.0,2
case_study_2,11,9,case_study_2_11_9,Mean,4.363636363636363,2
case_study_2,11,9,case_study_2_11_9,Median,4.0,2
case_study_2,12,1,case_study_2_12_1,R2R_copeland,4.238095238095238,5
case_study_2,12,1,case_study_2_12_1,R2R_borda,4.819047619047619,5
case_study_2,12,1,case_study_2_12_1,Copeland,5.0,5
case_study_2,12,1,case_study_2_12_1,Borda,99.0,5
case_study_2,12,1,case_study_2_12_1,Mean,4.333333333333333,3
case_study_2,12,1,case_study_2_12_1,Median,4.0,3
case_study_2,12,2,case_study_2_12_2,R2R_copeland,4.095238095238095,8
case_study_2,12,2,case_study_2_12_2,R2R_borda,4.542857142857143,8
case_study_2,12,2,case_study_2_12_2,Copeland,2.0,8
case_study_2,12,2,case_study_2_12_2,Borda,66.0,8
case_study_2,12,2,case_study_2_12_2,Mean,3.7142857142857144,8
case_study_2,12,2,case_study_2_12_2,Median,4.0,3
case_study_2,12,3,case_study_2_12_3,R2R_copeland,4.285714285714286,3
case_study_2,12,3,case_study_2_12_3,R2R_borda,4.847619047619047,3
case_study_2,12,3,case_study_2_12_3,Copeland,6.0,3
case_study_2,12,3,case_study_2_12_3,Borda,100.0,3
case_study_2,12,3,case_study_2_12_3,Mean,4.0476190476190474,7
case_study_2,12,3,case_study_2_12_3,Median,4.0,3
case_study_2,12,4,case_study_2_12_4,R2R_copeland,4.0476190476190474,9
case_study_2,12,4,case_study_2_12_4,R2R_borda,4.542857142857143,8
case_study_2,12,4,case_study_2_12_4,Copeland,1.0,9
case_study_2,12,4,case_study_2_12_4,Borda,65.0,9
case_study_2,12,4,case_study_2_12_4,Mean,3.7142857142857144,8
case_study_2,12,4,case_study_2_12_4,Median,4.0,3
case_study_2,12,5,case_study_2_12_5,R2R_copeland,4.190476190476191,6
case_study_2,12,5,case_study_2_12_5,R2R_borda,4.79047619047619,7
case_study_2,12,5,case_study_2_12_5,Copeland,4.0,6
case_study_2,12,5,case_study_2_12_5,Borda,93.0,7
case_study_2,12,5,case_study_2_12_5,Mean,4.190476190476191,4
case_study_2,12,5,case_study_2_12_5,Median,4.0,3
case_study_2,12,6,case_study_2_12_6,R2R_copeland,5.0476190476190474,1
case_study_2,12,6,case_study_2_12_6,R2R_borda,5.114285714285714,1
case_study_2,12,6,case_study_2_12_6,Copeland,9.0,1
case_study_2,12,6,case_study_2_12_6,Borda,145.0,1
case_study_2,12,6,case_study_2_12_6,Mean,4.714285714285714,1
case_study_2,12,6,case_study_2_12_6,Median,5.0,1
case_study_2,12,7,case_study_2_12_7,R2R_copeland,5.0,2
case_study_2,12,7,case_study_2_12_7,R2R_borda,5.085714285714285,2
case_study_2,12,7,case_study_2_12_7,Copeland,8.0,2
case_study_2,12,7,case_study_2_12_7,Borda,128.0,2
case_study_2,12,7,case_study_2_12_7,Mean,4.476190476190476,2
case_study_2,12,7,case_study_2_12_7,Median,5.0,1
case_study_2,12,8,case_study_2_12_8,R2R_copeland,4.190476190476191,6
case_study_2,12,8,case_study_2_12_8,R2R_borda,4.828571428571428,4
case_study_2,12,8,case_study_2_12_8,Copeland,4.0,6
case_study_2,12,8,case_study_2_12_8,Borda,100.0,3
case_study_2,12,8,case_study_2_12_8,Mean,4.142857142857143,5
case_study_2,12,8,case_study_2_12_8,Median,4.0,3
case_study_2,12,9,case_study_2_12_9,R2R_copeland,4.285714285714286,3
case_study_2,12,9,case_study_2_12_9,R2R_borda,4.809523809523809,6
case_study_2,12,9,case_study_2_12_9,Copeland,6.0,3
case_study_2,12,9,case_study_2_12_9,Borda,98.0,6
case_study_2,12,9,case_study_2_12_9,Mean,4.095238095238095,6
case_study_2,12,9,case_study_2_12_9,Median,4.0,3
case_study_2,12,10,case_study_2_12_10,R2R_copeland,4.0,10
case_study_2,12,10,case_study_2_12_10,R2R_borda,4.419047619047619,10
case_study_2,12,10,case_study_2_12_10,Copeland,0.0,10
case_study_2,12,10,case_study_2_12_10,Borda,51.0,10
case_study_2,12,10,case_study_2_12_10,Mean,3.5238095238095237,10
case_study_2,12,10,case_study_2_12_10,Median,4.0,3
case_study_2,13,1,case_study_2_13_1,R2R_copeland,5.01375,3
case_study_2,13,1,case_study_2_13_1,R2R_borda,5.266666666666667,3
case_study_2,13,1,case_study_2_13_1,Copeland,6.33,3
case_study_2,13,1,case_study_2_13_1,Borda,134.0,3
case_study_2,13,1,case_study_2_13_1,Mean,4.416666666666667,3
case_study_2,13,1,case_study_2_13_1,Median,5.0,1
case_study_2,13,2,case_study_2_13_2,R2R_copeland,5.01375,3
case_study_2,13,2,case_study_2_13_2,R2R_borda,5.241666666666666,4
case_study_2,13,2,case_study_2_13_2,Copeland,5.66,4
case_study_2,13,2,case_study_2_13_2,Borda,120.0,5
case_study_2,13,2,case_study_2_13_2,Mean,4.375,4
case_study_2,13,2,case_study_2_13_2,Median,5.0,1
case_study_2,13,3,case_study_2_13_3,R2R_copeland,4.13875,6
case_study_2,13,3,case_study_2_13_3,R2R_borda,4.566666666666666,6
case_study_2,13,3,case_study_2_13_3,Copeland,3.33,6
case_study_2,13,3,case_study_2_13_3,Borda,97.0,7
case_study_2,13,3,case_study_2_13_3,Mean,4.166666666666667,6
case_study_2,13,3,case_study_2_13_3,Median,4.0,5
case_study_2,13,4,case_study_2_13_4,R2R_copeland,4.055416666666667,9
case_study_2,13,4,case_study_2_13_4,R2R_borda,4.433333333333334,9
case_study_2,13,4,case_study_2_13_4,Copeland,1.33,9
case_study_2,13,4,case_study_2_13_4,Borda,70.0,9
case_study_2,13,4,case_study_2_13_4,Mean,3.6666666666666665,9
case_study_2,13,4,case_study_2_13_4,Median,4.0,5
case_study_2,13,5,case_study_2_13_5,R2R_copeland,5.083333333333333,2
case_study_2,13,5,case_study_2_13_5,R2R_borda,5.308333333333334,2
case_study_2,13,5,case_study_2_13_5,Copeland,8.0,2
case_study_2,13,5,case_study_2_13_5,Borda,136.0,2
case_study_2,13,5,case_study_2_13_5,Mean,4.458333333333333,2
case_study_2,13,5,case_study_2_13_5,Median,5.0,1
case_study_2,13,6,case_study_2_13_6,R2R_copeland,4.083333333333333,8
case_study_2,13,6,case_study_2_13_6,R2R_borda,4.483333333333333,8
case_study_2,13,6,case_study_2_13_6,Copeland,2.0,8
case_study_2,13,6,case_study_2_13_6,Borda,92.0,8
case_study_2,13,6,case_study_2_13_6,Mean,3.875,8
case_study_2,13,6,case_study_2_13_6,Median,4.0,5
case_study_2,13,7,case_study_2_13_7,R2R_copeland,4.208333333333333,5
case_study_2,13,7,case_study_2_13_7,R2R_borda,4.716666666666667,5
case_study_2,13,7,case_study_2_13_7,Copeland,5.33,5
case_study_2,13,7,case_study_2_13_7,Borda,127.0,4
case_study_2,13,7,case_study_2_13_7,Mean,4.291666666666667,5
case_study_2,13,7,case_study_2_13_7,Median,4.0,5
case_study_2,13,8,case_study_2_13_8,R2R_copeland,4.110833333333334,7
case_study_2,13,8,case_study_2_13_8,R2R_borda,4.541666666666667,7
case_study_2,13,8,case_study_2_13_8,Copeland,2.66,7
case_study_2,13,8,case_study_2_13_8,Borda,101.0,6
case_study_2,13,8,case_study_2_13_8,Mean,3.9583333333333335,7
case_study_2,13,8,case_study_2_13_8,Median,4.0,5
case_study_2,13,9,case_study_2_13_9,R2R_copeland,5.125,1
case_study_2,13,9,case_study_2_13_9,R2R_borda,5.383333333333334,1
case_study_2,13,9,case_study_2_13_9,Copeland,9.0,1
case_study_2,13,9,case_study_2_13_9,Borda,158.0,1
case_study_2,13,9,case_study_2_13_9,Mean,4.583333333333333,1
case_study_2,13,9,case_study_2_13_9,Median,5.0,1
case_study_2,13,10,case_study_2_13_10,R2R_copeland,4.0,10
case_study_2,13,10,case_study_2_13_10,R2R_borda,4.258333333333334,10
case_study_2,13,10,case_study_2_13_10,Copeland,0.0,10
case_study_2,13,10,case_study_2_13_10,Borda,45.0,10
case_study_2,13,10,case_study_2_13_10,Mean,3.3333333333333335,10
case_study_2,13,10,case_study_2_13_10,Median,4.0,5
case_study_2,14,1,case_study_2_14_1,R2R_copeland,4.142857142857143,6
case_study_2,14,1,case_study_2_14_1,R2R_borda,4.752380952380952,6
case_study_2,14,1,case_study_2_14_1,Copeland,3.0,6
case_study_2,14,1,case_study_2_14_1,Borda,83.0,6
case_study_2,14,1,case_study_2_14_1,Mean,4.0,6
case_study_2,14,1,case_study_2_14_1,Median,4.0,2
case_study_2,14,2,case_study_2_14_2,R2R_copeland,4.0476190476190474,8
case_study_2,14,2,case_study_2_14_2,R2R_borda,4.561904761904762,7
case_study_2,14,2,case_study_2_14_2,Copeland,1.0,8
case_study_2,14,2,case_study_2_14_2,Borda,61.0,7
case_study_2,14,2,case_study_2_14_2,Mean,3.761904761904762,7
case_study_2,14,2,case_study_2_14_2,Median,4.0,2
case_study_2,14,3,case_study_2_14_3,R2R_copeland,4.190476190476191,5
case_study_2,14,3,case_study_2_14_3,R2R_borda,4.771428571428571,4
case_study_2,14,3,case_study_2_14_3,Copeland,4.0,5
case_study_2,14,3,case_study_2_14_3,Borda,85.0,4
case_study_2,14,3,case_study_2_14_3,Mean,4.142857142857143,4
case_study_2,14,3,case_study_2_14_3,Median,4.0,2
case_study_2,14,4,case_study_2_14_4,R2R_copeland,4.238095238095238,4
case_study_2,14,4,case_study_2_14_4,R2R_borda,4.771428571428571,4
case_study_2,14,4,case_study_2_14_4,Copeland,5.0,4
case_study_2,14,4,case_study_2_14_4,Borda,85.0,4
case_study_2,14,4,case_study_2_14_4,Mean,4.0476190476190474,5
case_study_2,14,4,case_study_2_14_4,Median,4.0,2
case_study_2,14,5,case_study_2_14_5,R2R_copeland,4.0,9
case_study_2,14,5,case_study_2_14_5,R2R_borda,4.3619047619047615,9
case_study_2,14,5,case_study_2_14_5,Copeland,0.0,9
case_study_2,14,5,case_study_2_14_5,Borda,38.0,9
case_study_2,14,5,case_study_2_14_5,Mean,3.5714285714285716,9
case_study_2,14,5,case_study_2_14_5,Median,4.0,2
case_study_2,14,6,case_study_2_14_6,R2R_copeland,4.285714285714286,3
case_study_2,14,6,case_study_2_14_6,R2R_borda,4.876190476190477,3
case_study_2,14,6,case_study_2_14_6,Copeland,6.0,3
case_study_2,14,6,case_study_2_14_6,Borda,97.0,3
case_study_2,14,6,case_study_2_14_6,Mean,4.190476190476191,3
case_study_2,14,6,case_study_2_14_6,Median,4.0,2
case_study_2,14,7,case_study_2_14_7,R2R_copeland,4.333333333333333,2
case_study_2,14,7,case_study_2_14_7,R2R_borda,4.980952380952381,2
case_study_2,14,7,case_study_2_14_7,Copeland,7.0,2
case_study_2,14,7,case_study_2_14_7,Borda,107.0,2
case_study_2,14,7,case_study_2_14_7,Mean,4.333333333333333,2
case_study_2,14,7,case_study_2_14_7,Median,4.0,2
case_study_2,14,8,case_study_2_14_8,R2R_copeland,5.0,1
case_study_2,14,8,case_study_2_14_8,R2R_borda,5.0,1
case_study_2,14,8,case_study_2_14_8,Copeland,8.0,1
case_study_2,14,8,case_study_2_14_8,Borda,141.0,1
case_study_2,14,8,case_study_2_14_8,Mean,4.761904761904762,1
case_study_2,14,8,case_study_2_14_8,Median,5.0,1
case_study_2,14,9,case_study_2_14_9,R2R_copeland,4.095238095238095,7
case_study_2,14,9,case_study_2_14_9,R2R_borda,4.523809523809524,8
case_study_2,14,9,case_study_2_14_9,Copeland,2.0,7
case_study_2,14,9,case_study_2_14_9,Borda,59.0,8
case_study_2,14,9,case_study_2_14_9,Mean,3.7142857142857144,8
case_study_2,14,9,case_study_2_14_9,Median,4.0,2
case_study_2,15,1,case_study_2_15_1,R2R_copeland,4.15,6
case_study_2,15,1,case_study_2_15_1,R2R_borda,4.58,6
case_study_2,15,1,case_study_2_15_1,Copeland,4.33,5
case_study_2,15,1,case_study_2_15_1,Borda,100.0,5
case_study_2,15,1,case_study_2_15_1,Mean,4.45,4
case_study_2,15,1,case_study_2_15_1,Median,4.0,6
case_study_2,15,2,case_study_2_15_2,R2R_copeland,4.0,9
case_study_2,15,2,case_study_2_15_2,R2R_borda,4.18,9
case_study_2,15,2,case_study_2_15_2,Copeland,1.0,9
case_study_2,15,2,case_study_2_15_2,Borda,46.0,9
case_study_2,15,2,case_study_2_15_2,Mean,3.9,9
case_study_2,15,2,case_study_2_15_2,Median,4.0,6
case_study_2,15,3,case_study_2_15_3,R2R_copeland,5.0,3
case_study_2,15,3,case_study_2_15_3,R2R_borda,5.16,4
case_study_2,15,3,case_study_2_15_3,Copeland,3.33,6
case_study_2,15,3,case_study_2_15_3,Borda,96.0,6
case_study_2,15,3,case_study_2_15_3,Mean,4.45,4
case_study_2,15,3,case_study_2_15_3,Median,5.0,1
case_study_2,15,4,case_study_2_15_4,R2R_copeland,4.7,5
case_study_2,15,4,case_study_2_15_4,R2R_borda,5.14,5
case_study_2,15,4,case_study_2_15_4,Copeland,6.33,3
case_study_2,15,4,case_study_2_15_4,Borda,114.0,3
case_study_2,15,4,case_study_2_15_4,Mean,4.5,3
case_study_2,15,4,case_study_2_15_4,Median,4.5,4
case_study_2,15,5,case_study_2_15_5,R2R_copeland,5.05,2
case_study_2,15,5,case_study_2_15_5,R2R_borda,5.21,3
case_study_2,15,5,case_study_2_15_5,Copeland,5.99,4
case_study_2,15,5,case_study_2_15_5,Borda,113.0,4
case_study_2,15,5,case_study_2_15_5,Mean,4.55,2
case_study_2,15,5,case_study_2_15_5,Median,5.0,1
case_study_2,15,6,case_study_2_15_6,R2R_copeland,3.0,10
case_study_2,15,6,case_study_2_15_6,R2R_borda,3.0,10
case_study_2,15,6,case_study_2_15_6,Copeland,0.0,10
case_study_2,15,6,case_study_2_15_6,Borda,11.0,10
case_study_2,15,6,case_study_2_15_6,Mean,3.4,10
case_study_2,15,6,case_study_2_15_6,Median,3.0,10
case_study_2,15,7,case_study_2_15_7,R2R_copeland,5.1,1
case_study_2,15,7,case_study_2_15_7,R2R_borda,5.23,1
case_study_2,15,7,case_study_2_15_7,Copeland,8.0,2
case_study_2,15,7,case_study_2_15_7,Borda,120.0,2
case_study_2,15,7,case_study_2_15_7,Mean,4.65,1
case_study_2,15,7,case_study_2_15_7,Median,5.0,1
case_study_2,15,8,case_study_2_15_8,R2R_copeland,4.1,7
case_study_2,15,8,case_study_2_15_8,R2R_borda,4.48,7
case_study_2,15,8,case_study_2_15_8,Copeland,3.33,6
case_study_2,15,8,case_study_2_15_8,Borda,94.0,7
case_study_2,15,8,case_study_2_15_8,Mean,4.25,7
case_study_2,15,8,case_study_2_15_8,Median,4.0,6
case_study_2,15,9,case_study_2_15_9,R2R_copeland,4.05,8
case_study_2,15,9,case_study_2_15_9,R2R_borda,4.4,8
case_study_2,15,9,case_study_2_15_9,Copeland,3.0,8
case_study_2,15,9,case_study_2_15_9,Borda,80.0,8
case_study_2,15,9,case_study_2_15_9,Mean,4.05,8
case_study_2,15,9,case_study_2_15_9,Median,4.0,6
case_study_2,15,10,case_study_2_15_10,R2R_copeland,4.75,4
case_study_2,15,10,case_study_2_15_10,R2R_borda,5.22,2
case_study_2,15,10,case_study_2_15_10,Copeland,8.33,1
case_study_2,15,10,case_study_2_15_10,Borda,126.0,1
case_study_2,15,10,case_study_2_15_10,Mean,4.4,6
case_study_2,15,10,case_study_2_15_10,Median,4.5,4
case_study_2,16,1,case_study_2_16_1,R2R_copeland,4.0,6
case_study_2,16,1,case_study_2_16_1,R2R_borda,4.3,6
case_study_2,16,1,case_study_2_16_1,Copeland,3.0,6
case_study_2,16,1,case_study_2_16_1,Borda,76.0,6
case_study_2,16,1,case_study_2_16_1,Mean,4.055555555555555,6
case_study_2,16,1,case_study_2_16_1,Median,4.0,2
case_study_2,16,2,case_study_2_16_2,R2R_copeland,4.129444444444444,3
case_study_2,16,2,case_study_2_16_2,R2R_borda,4.433333333333334,2
case_study_2,16,2,case_study_2_16_2,Copeland,5.33,3
case_study_2,16,2,case_study_2_16_2,Borda,89.0,3
case_study_2,16,2,case_study_2_16_2,Mean,4.111111111111111,5
case_study_2,16,2,case_study_2_16_2,Median,4.0,2
case_study_2,16,3,case_study_2_16_3,R2R_copeland,3.611111111111111,7
case_study_2,16,3,case_study_2_16_3,R2R_borda,3.811111111111111,7
case_study_2,16,3,case_study_2_16_3,Copeland,2.0,7
case_study_2,16,3,case_study_2_16_3,Borda,48.0,7
case_study_2,16,3,case_study_2_16_3,Mean,3.5555555555555554,7
case_study_2,16,3,case_study_2_16_3,Median,3.5,7
case_study_2,16,4,case_study_2_16_4,R2R_copeland,4.147777777777778,2
case_study_2,16,4,case_study_2_16_4,R2R_borda,4.433333333333334,2
case_study_2,16,4,case_study_2_16_4,Copeland,5.66,2
case_study_2,16,4,case_study_2_16_4,Borda,88.0,5
case_study_2,16,4,case_study_2_16_4,Mean,4.222222222222222,2
case_study_2,16,4,case_study_2_16_4,Median,4.0,2
case_study_2,16,5,case_study_2_16_5,R2R_copeland,3.0,9
case_study_2,16,5,case_study_2_16_5,R2R_borda,3.1222222222222222,9
case_study_2,16,5,case_study_2_16_5,Copeland,0.0,9
case_study_2,16,5,case_study_2_16_5,Borda,18.0,9
case_study_2,16,5,case_study_2_16_5,Mean,2.888888888888889,9
case_study_2,16,5,case_study_2_16_5,Median,3.0,8
case_study_2,16,6,case_study_2_16_6,R2R_copeland,4.110555555555556,4
case_study_2,16,6,case_study_2_16_6,R2R_borda,4.4222222222222225,4
case_study_2,16,6,case_study_2_16_6,Copeland,4.99,4
case_study_2,16,6,case_study_2_16_6,Borda,90.0,2
case_study_2,16,6,case_study_2_16_6,Mean,4.222222222222222,2
case_study_2,16,6,case_study_2_16_6,Median,4.0,2
case_study_2,16,7,case_study_2_16_7,R2R_copeland,5.0,1
case_study_2,16,7,case_study_2_16_7,R2R_borda,5.0,1
case_study_2,16,7,case_study_2_16_7,Copeland,8.0,1
case_study_2,16,7,case_study_2_16_7,Borda,120.0,1
case_study_2,16,7,case_study_2_16_7,Mean,4.722222222222222,1
case_study_2,16,7,case_study_2_16_7,Median,5.0,1
case_study_2,16,8,case_study_2_16_8,R2R_copeland,3.0555555555555554,8
case_study_2,16,8,case_study_2_16_8,R2R_borda,3.1666666666666665,8
case_study_2,16,8,case_study_2_16_8,Copeland,1.0,8
case_study_2,16,8,case_study_2_16_8,Borda,30.0,8
case_study_2,16,8,case_study_2_16_8,Mean,3.111111111111111,8
case_study_2,16,8,case_study_2_16_8,Median,3.0,8
case_study_2,16,9,case_study_2_16_9,R2R_copeland,4.092222222222222,5
case_study_2,16,9,case_study_2_16_9,R2R_borda,4.411111111111111,5
case_study_2,16,9,case_study_2_16_9,Copeland,4.66,5
case_study_2,16,9,case_study_2_16_9,Borda,89.0,3
case_study_2,16,9,case_study_2_16_9,Mean,4.166666666666667,4
case_study_2,16,9,case_study_2_16_9,Median,4.0,2
case_study_3,17,1,case_study_3_17_1,R2R_copeland,4.043478260869565,5
case_study_3,17,1,case_study_3_17_1,R2R_borda,4.304347826086957,5
case_study_3,17,1,case_study_3_17_1,Copeland,2.0,5
case_study_3,17,1,case_study_3_17_1,Borda,64.0,5
case_study_3,17,1,case_study_3_17_1,Mean,4.304347826086956,3
case_study_3,17,1,case_study_3_17_1,Median,4.0,3
case_study_3,17,2,case_study_3_17_2,R2R_copeland,5.043478260869565,1
case_study_3,17,2,case_study_3_17_2,R2R_borda,5.113043478260869,1
case_study_3,17,2,case_study_3_17_2,Copeland,6.0,1
case_study_3,17,2,case_study_3_17_2,Borda,101.0,1
case_study_3,17,2,case_study_3_17_2,Mean,4.695652173913044,1
case_study_3,17,2,case_study_3_17_2,Median,5.0,1
case_study_3,17,3,case_study_3_17_3,R2R_copeland,4.0,6
case_study_3,17,3,case_study_3_17_3,R2R_borda,4.191304347826087,6
case_study_3,17,3,case_study_3_17_3,Copeland,1.0,6
case_study_3,17,3,case_study_3_17_3,Borda,53.0,6
case_study_3,17,3,case_study_3_17_3,Mean,4.086956521739131,6
case_study_3,17,3,case_study_3_17_3,Median,4.0,3
case_study_3,17,4,case_study_3_17_4,R2R_copeland,4.086956521739131,4
case_study_3,17,4,case_study_3_17_4,R2R_borda,4.339130434782609,4
case_study_3,17,4,case_study_3_17_4,Copeland,3.0,4
case_study_3,17,4,case_study_3_17_4,Borda,70.0,4
case_study_3,17,4,case_study_3_17_4,Mean,4.260869565217392,4
case_study_3,17,4,case_study_3_17_4,Median,4.0,3
case_study_3,17,5,case_study_3_17_5,R2R_copeland,5.0,2
case_study_3,17,5,case_study_3_17_5,R2R_borda,5.086956521739131,2
case_study_3,17,5,case_study_3_17_5,Copeland,5.0,2
case_study_3,17,5,case_study_3_17_5,Borda,96.0,2
case_study_3,17,5,case_study_3_17_5,Mean,4.521739130434782,2
case_study_3,17,5,case_study_3_17_5,Median,5.0,1
case_study_3,17,6,case_study_3_17_6,R2R_copeland,4.130434782608695,3
case_study_3,17,6,case_study_3_17_6,R2R_borda,4.3652173913043475,3
case_study_3,17,6,case_study_3_17_6,Copeland,4.0,3
case_study_3,17,6,case_study_3_17_6,Borda,78.0,3
case_study_3,17,6,case_study_3_17_6,Mean,4.260869565217392,4
case_study_3,17,6,case_study_3_17_6,Median,4.0,3
case_study_3,17,7,case_study_3_17_7,R2R_copeland,3.0,7
case_study_3,17,7,case_study_3_17_7,R2R_borda,3.0,7
case_study_3,17,7,case_study_3_17_7,Copeland,0.0,7
case_study_3,17,7,case_study_3_17_7,Borda,21.0,7
case_study_3,17,7,case_study_3_17_7,Mean,3.1739130434782608,7
case_study_3,17,7,case_study_3_17_7,Median,3.0,7
case_study_3,18,1,case_study_3_18_1,R2R_copeland,4.157894736842105,2
case_study_3,18,1,case_study_3_18_1,R2R_borda,4.473684210526316,1
case_study_3,18,1,case_study_3_18_1,Copeland,4.0,2
case_study_3,18,1,case_study_3_18_1,Borda,59.0,1
case_study_3,18,1,case_study_3_18_1,Mean,4.315789473684211,2
case_study_3,18,1,case_study_3_18_1,Median,4.0,1
case_study_3,18,2,case_study_3_18_2,R2R_copeland,4.052631578947368,4
case_study_3,18,2,case_study_3_18_2,R2R_borda,4.347368421052631,4
case_study_3,18,2,case_study_3_18_2,Copeland,2.0,4
case_study_3,18,2,case_study_3_18_2,Borda,47.0,4
case_study_3,18,2,case_study_3_18_2,Mean,4.105263157894737,4
case_study_3,18,2,case_study_3_18_2,Median,4.0,1
case_study_3,18,3,case_study_3_18_3,R2R_copeland,4.2105263157894735,1
case_study_3,18,3,case_study_3_18_3,R2R_borda,4.473684210526316,1
case_study_3,18,3,case_study_3_18_3,Copeland,5.0,1
case_study_3,18,3,case_study_3_18_3,Borda,59.0,1
case_study_3,18,3,case_study_3_18_3,Mean,4.368421052631579,1
case_study_3,18,3,case_study_3_18_3,Median,4.0,1
case_study_3,18,4,case_study_3_18_4,R2R_copeland,4.0,5
case_study_3,18,4,case_study_3_18_4,R2R_borda,4.273684210526316,5
case_study_3,18,4,case_study_3_18_4,Copeland,1.0,5
case_study_3,18,4,case_study_3_18_4,Borda,40.0,5
case_study_3,18,4,case_study_3_18_4,Mean,3.8947368421052633,5
case_study_3,18,4,case_study_3_18_4,Median,4.0,1
case_study_3,18,5,case_study_3_18_5,R2R_copeland,4.105263157894737,3
case_study_3,18,5,case_study_3_18_5,R2R_borda,4.431578947368421,3
case_study_3,18,5,case_study_3_18_5,Copeland,3.0,3
case_study_3,18,5,case_study_3_18_5,Borda,53.0,3
case_study_3,18,5,case_study_3_18_5,Mean,4.2105263157894735,3
case_study_3,18,5,case_study_3_18_5,Median,4.0,1
case_study_3,18,6,case_study_3_18_6,R2R_copeland,3.0,6
case_study_3,18,6,case_study_3_18_6,R2R_borda,3.0,6
case_study_3,18,6,case_study_3_18_6,Copeland,0.0,6
case_study_3,18,6,case_study_3_18_6,Borda,27.0,6
case_study_3,18,6,case_study_3_18_6,Mean,3.526315789473684,6
case_study_3,18,6,case_study_3_18_6,Median,3.0,6
case_study_3,19,1,case_study_3_19_1,R2R_copeland,4.713571428571429,3
case_study_3,19,1,case_study_3_19_1,R2R_borda,5.057142857142857,2
case_study_3,19,1,case_study_3_19_1,Copeland,4.99,3
case_study_3,19,1,case_study_3_19_1,Borda,67.0,3
case_study_3,19,1,case_study_3_19_1,Mean,4.428571428571429,3
case_study_3,19,1,case_study_3_19_1,Median,4.5,2
case_study_3,19,2,case_study_3_19_2,R2R_copeland,4.19,4
case_study_3,19,2,case_study_3_19_2,R2R_borda,4.514285714285714,4
case_study_3,19,2,case_study_3_19_2,Copeland,4.66,4
case_study_3,19,2,case_study_3_19_2,Borda,63.0,4
case_study_3,19,2,case_study_3_19_2,Mean,4.142857142857143,4
case_study_3,19,2,case_study_3_19_2,Median,4.0,4
case_study_3,19,3,case_study_3_19_3,R2R_copeland,4.095,6
case_study_3,19,3,case_study_3_19_3,R2R_borda,4.414285714285715,6
case_study_3,19,3,case_study_3_19_3,Copeland,3.33,6
case_study_3,19,3,case_study_3_19_3,Borda,52.0,6
case_study_3,19,3,case_study_3_19_3,Mean,4.071428571428571,5
case_study_3,19,3,case_study_3_19_3,Median,4.0,4
case_study_3,19,4,case_study_3_19_4,R2R_copeland,4.809285714285714,2
case_study_3,19,4,case_study_3_19_4,R2R_borda,5.185714285714286,1
case_study_3,19,4,case_study_3_19_4,Copeland,6.33,2
case_study_3,19,4,case_study_3_19_4,Borda,76.0,2
case_study_3,19,4,case_study_3_19_4,Mean,4.5,2
case_study_3,19,4,case_study_3_19_4,Median,4.5,2
case_study_3,19,5,case_study_3_19_5,R2R_copeland,5.0,1
case_study_3,19,5,case_study_3_19_5,R2R_borda,5.0,3
case_study_3,19,5,case_study_3_19_5,Copeland,8.0,1
case_study_3,19,5,case_study_3_19_5,Borda,103.0,1
case_study_3,19,5,case_study_3_19_5,Mean,4.857142857142857,1
case_study_3,19,5,case_study_3_19_5,Median,5.0,1
case_study_3,19,6,case_study_3_19_6,R2R_copeland,4.166428571428572,5
case_study_3,19,6,case_study_3_19_6,R2R_borda,4.514285714285714,4
case_study_3,19,6,case_study_3_19_6,Copeland,4.33,5
case_study_3,19,6,case_study_3_19_6,Borda,63.0,4
case_study_3,19,6,case_study_3_19_6,Mean,4.071428571428571,5
case_study_3,19,6,case_study_3_19_6,Median,4.0,4
case_study_3,19,7,case_study_3_19_7,R2R_copeland,4.0,7
case_study_3,19,7,case_study_3_19_7,R2R_borda,4.314285714285714,7
case_study_3,19,7,case_study_3_19_7,Copeland,2.0,7
case_study_3,19,7,case_study_3_19_7,Borda,48.0,7
case_study_3,19,7,case_study_3_19_7,Mean,4.071428571428571,5
case_study_3,19,7,case_study_3_19_7,Median,4.0,4
case_study_3,19,8,case_study_3_19_8,R2R_copeland,3.5714285714285716,8
case_study_3,19,8,case_study_3_19_8,R2R_borda,3.657142857142857,8
case_study_3,19,8,case_study_3_19_8,Copeland,1.0,8
case_study_3,19,8,case_study_3_19_8,Borda,23.0,8
case_study_3,19,8,case_study_3_19_8,Mean,3.4285714285714284,8
case_study_3,19,8,case_study_3_19_8,Median,3.5,8
case_study_3,19,9,case_study_3_19_9,R2R_copeland,3.0,9
case_study_3,19,9,case_study_3_19_9,R2R_borda,3.0428571428571427,9
case_study_3,19,9,case_study_3_19_9,Copeland,0.0,9
case_study_3,19,9,case_study_3_19_9,Borda,9.0,9
case_study_3,19,9,case_study_3_19_9,Mean,2.857142857142857,9
case_study_3,19,9,case_study_3_19_9,Median,3.0,9
case_study_3,20,1,case_study_3_20_1,R2R_copeland,4.0,5
case_study_3,20,1,case_study_3_20_1,R2R_borda,4.171428571428572,5
case_study_3,20,1,case_study_3_20_1,Copeland,1.0,5
case_study_3,20,1,case_study_3_20_1,Borda,16.0,4
case_study_3,20,1,case_study_3_20_1,Mean,4.285714285714286,3
case_study_3,20,1,case_study_3_20_1,Median,4.0,3
case_study_3,20,2,case_study_3_20_2,R2R_copeland,4.142857142857143,4
case_study_3,20,2,case_study_3_20_2,R2R_borda,4.2,4
case_study_3,20,2,case_study_3_20_2,Copeland,2.0,4
case_study_3,20,2,case_study_3_20_2,Borda,14.0,5
case_study_3,20,2,case_study_3_20_2,Mean,4.0,5
case_study_3,20,2,case_study_3_20_2,Median,4.0,3
case_study_3,20,3,case_study_3_20_3,R2R_copeland,5.0,2
case_study_3,20,3,case_study_3_20_3,R2R_borda,5.0,2
case_study_3,20,3,case_study_3_20_3,Copeland,4.0,2
case_study_3,20,3,case_study_3_20_3,Borda,21.0,2
case_study_3,20,3,case_study_3_20_3,Mean,4.285714285714286,3
case_study_3,20,3,case_study_3_20_3,Median,5.0,1
case_study_3,20,4,case_study_3_20_4,R2R_copeland,4.285714285714286,3
case_study_3,20,4,case_study_3_20_4,R2R_borda,4.228571428571429,3
case_study_3,20,4,case_study_3_20_4,Copeland,3.0,3
case_study_3,20,4,case_study_3_20_4,Borda,18.0,3
case_study_3,20,4,case_study_3_20_4,Mean,4.428571428571429,2
case_study_3,20,4,case_study_3_20_4,Median,4.0,3
case_study_3,20,5,case_study_3_20_5,R2R_copeland,2.0,6
case_study_3,20,5,case_study_3_20_5,R2R_borda,2.0,6
case_study_3,20,5,case_study_3_20_5,Copeland,0.0,6
case_study_3,20,5,case_study_3_20_5,Borda,2.0,6
case_study_3,20,5,case_study_3_20_5,Mean,2.5714285714285716,6
case_study_3,20,5,case_study_3_20_5,Median,2.0,6
case_study_3,20,6,case_study_3_20_6,R2R_copeland,5.142857142857143,1
case_study_3,20,6,case_study_3_20_6,R2R_borda,5.2,1
case_study_3,20,6,case_study_3_20_6,Copeland,5.0,1
case_study_3,20,6,case_study_3_20_6,Borda,34.0,1
case_study_3,20,6,case_study_3_20_6,Mean,5.0,1
case_study_3,20,6,case_study_3_20_6,Median,5.0,1
